URY, ExPOS,
URY Menu, ExPOS Menu,
URY Menu Item, ExPOS Menu Item,
URY POS Terminal, ExPOS POS Terminal,
URY Order Merge Log, ExPOS Order Merge Log,
URY Order Merge Source, ExPOS Order Merge Source,
URY Restaurant, ExPOS Restaurant,
URY Menu Course, ExPOS Menu Course,
URY Table, ExPOS Table,
URY Room, ExPOS Room,
URY KOT, ExPOS KOT,
URY KOT Items, ExPOS KOT Items,
URY User, ExPOS User,
URY Report Settings, ExPOS Report Settings,
URY Order, ExPOS Order,
URY Daily P and L, ExPOS Daily P and L,
URY Materials, ExPOS Materials,
URY Notification Recipient, ExPOS Notification Recipient,
URY Order Item, ExPOS Order Item,
URY P and L Breakup, ExPOS P and L Breakup,
URY Variable Expenses, ExPOS Variable Expenses,
URY Fixed Expenses, ExPOS Fixed Expenses,
URY Printer Settings, ExPOS Printer Settings,
URY Production Item Groups, ExPOS Production Item Groups,
URY Production Unit, ExPOS Production Unit,
URY P and L Materials, ExPOS P and L Materials,
URY Table Merge Log, ExPOS Table Merge Log,
URY Table Merge Source, ExPOS Table Merge Source,
URY KOT Error Log, ExPOS KOT Error Log,
URY Cost Of Goods, ExPOS Cost Of Goods,
URY Setup, ExPOS Setup,
URY Shift, ExPOS Shift,
URY Shift Assignment, ExPOS Shift Assignment,
URY Shift Day, ExPOS Shift Day,
URY Printer, ExPOS Printer,
URY Biometric Settings, ExPOS Biometric Settings,
URY Biometric Enrollment, ExPOS Biometric Enrollment,
